Latitude,Longitude,Elevation
41.72508000,-87.9736800,211.0
41.72490000,-87.9736300,211.0
41.72486000,-87.9736600,211.0
41.72485000,-87.9737300,211.0
41.72484000,-87.9737900,211.0
41.72482000,-87.9738500,211.0
41.72480000,-87.9739100,212.0
41.72475000,-87.9739900,212.0
41.72465000,-87.9740900,211.0
41.72459000,-87.9741800,211.0
41.72457000,-87.9742400,211.0
41.72455000,-87.9743100,211.0
41.72455000,-87.9744000,211.0
41.72455000,-87.9744400,211.0
41.72454000,-87.9744700,211.0
41.72454000,-87.9745200,211.0
41.72452000,-87.9745900,211.0
41.72450000,-87.9746300,211.0
41.72447000,-87.9746800,211.0
41.72439000,-87.9747800,210.0
41.72437000,-87.9748100,210.0
41.72434000,-87.9748900,209.0
41.72432000,-87.9749500,209.0
41.72430000,-87.9750600,209.0
41.72428000,-87.9751500,209.0
41.72415000,-87.9753800,209.0
41.72412000,-87.9754800,209.0
41.72406000,-87.9757100,210.0
41.72405000,-87.9757600,210.0
41.72405000,-87.9758200,211.0
41.72411000,-87.9762100,212.0
41.72415000,-87.9767100,212.0
41.72416000,-87.9771000,213.0
41.72416000,-87.9772100,213.0
41.72415000,-87.9774400,213.0
41.72414000,-87.9775500,213.0
41.72412000,-87.9776100,213.0
41.72410000,-87.9776400,214.0
41.72408000,-87.9776700,214.0
41.72404000,-87.9776900,214.0
41.72393000,-87.9777000,216.0
41.72378000,-87.9777200,217.0
41.72361000,-87.9777300,219.0
41.72343000,-87.9777400,219.0
41.72292000,-87.9777500,217.0
41.72266000,-87.9777200,215.0
41.72259000,-87.9777400,215.0
41.72252000,-87.9778200,215.0
41.72249000,-87.9779600,216.0
41.72247000,-87.9780500,216.0
41.72243000,-87.9781400,217.0
41.72235000,-87.9782100,217.0
41.72228000,-87.9782400,217.0
41.72211000,-87.9782400,217.0
41.72203000,-87.9782400,216.0
41.72194000,-87.9782500,216.0
41.72184000,-87.9782900,216.0
41.72174000,-87.9784000,216.0
41.72166000,-87.9785300,215.0
41.72160000,-87.9786400,215.0
41.72157000,-87.9787700,216.0
41.72155000,-87.9790500,217.0
41.72149000,-87.9792800,220.0
41.72144000,-87.9794600,222.0
41.72128000,-87.9796500,222.0
41.72125000,-87.9797600,222.0
41.72124000,-87.9800500,221.0
41.72124000,-87.9802100,221.0
41.72120000,-87.9803800,220.0
41.72116000,-87.9805000,220.0
41.72115000,-87.9806100,220.0
41.72116000,-87.9806700,220.0
41.72121000,-87.9807300,221.0
41.72127000,-87.9807800,221.0
41.72139000,-87.9808600,223.0
41.72145000,-87.9809300,224.0
41.72163000,-87.9812100,226.0
41.72169000,-87.9813300,226.0
41.72174000,-87.9814900,227.0
41.72175000,-87.9817000,227.0
41.72174000,-87.9818600,227.0
41.72172000,-87.9819100,227.0
41.72168000,-87.9819700,226.0
41.72160000,-87.9820800,226.0
41.72155000,-87.9821600,225.0
41.72154000,-87.9823300,225.0
41.72153000,-87.9825200,225.0
41.72141000,-87.9827600,225.0
41.72138000,-87.9829400,225.0
41.72138000,-87.9829900,225.0
41.72138000,-87.9831600,225.0
41.72137000,-87.9833800,226.0
41.72135000,-87.9834500,226.0
41.72117000,-87.9837500,225.0
41.72103000,-87.9841100,225.0
41.72096000,-87.9842300,225.0
41.72086000,-87.9843500,226.0
41.72071000,-87.9844400,226.0
41.72066000,-87.9845400,227.0
41.72061000,-87.9847100,228.0
41.72058000,-87.9848600,228.0
41.72057000,-87.9850400,228.0
41.72056000,-87.9852500,228.0
41.72053000,-87.9854400,228.0
41.72047000,-87.9857400,228.0
41.72039000,-87.9858200,228.0
41.72034000,-87.9859600,229.0
41.72026000,-87.9863200,229.0
41.72020000,-87.9864500,228.0
41.72010000,-87.9866100,228.0
41.71995000,-87.9867800,227.0
41.71991000,-87.9868900,226.0
41.71987000,-87.9870300,226.0
41.71985000,-87.9872700,225.0
41.71979000,-87.9874900,225.0
41.71982000,-87.9875800,225.0
41.71992000,-87.9876300,224.0
41.72001000,-87.9876400,224.0
41.72008000,-87.9876600,224.0
41.72011000,-87.9876800,224.0
41.72015000,-87.9877100,224.0
41.72018000,-87.9877500,224.0
41.72022000,-87.9878100,224.0
41.72026000,-87.9878700,224.0
41.72045000,-87.9881800,226.0
41.72051000,-87.9882500,226.0
41.72057000,-87.9882800,226.0
41.72065000,-87.9883300,226.0
41.72071000,-87.9883600,227.0
41.72075000,-87.9883700,227.0
41.72079000,-87.9883700,227.0
41.72082000,-87.9883600,227.0
41.72087000,-87.9883200,226.0
41.72093000,-87.9882600,226.0
41.72106000,-87.9880500,225.0
41.72112000,-87.9880000,224.0
41.72117000,-87.9879600,224.0
41.72123000,-87.9879600,224.0
41.72130000,-87.9879800,224.0
41.72135000,-87.9880600,225.0
41.72137000,-87.9881700,225.0
41.72138000,-87.9883300,226.0
41.72137000,-87.9888100,232.0
41.72136000,-87.9892300,235.0
41.72141000,-87.9898300,236.0
41.72142000,-87.9899000,236.0
41.72142000,-87.9899600,236.0
41.72140000,-87.9900400,235.0
41.72133000,-87.9901800,235.0
41.72130000,-87.9902900,234.0
41.72126000,-87.9904200,234.0
41.72123000,-87.9905900,234.0
41.72122000,-87.9906600,234.0
41.72118000,-87.9907600,234.0
41.72112000,-87.9908400,233.0
41.72106000,-87.9908900,233.0
41.72098000,-87.9909400,233.0
41.72090000,-87.9909800,233.0
41.72083000,-87.9909900,232.0
41.72075000,-87.9910000,232.0
41.72064000,-87.9910100,232.0
41.72055000,-87.9910200,232.0
41.72050000,-87.9910300,232.0
41.72045000,-87.9910600,232.0
41.72041000,-87.9911000,232.0
41.72037000,-87.9911500,232.0
41.72035000,-87.9912000,232.0
41.72030000,-87.9913400,232.0
41.72026000,-87.9914100,232.0
41.72021000,-87.9914600,232.0
41.72015000,-87.9915100,232.0
41.72009000,-87.9915300,232.0
41.72002000,-87.9915300,232.0
41.71992000,-87.9914900,232.0
41.71980000,-87.9914300,232.0
41.71976000,-87.9914100,232.0
41.71968000,-87.9913900,231.0
41.71960000,-87.9913900,231.0
41.71955000,-87.9914000,231.0
41.71950000,-87.9914400,231.0
41.71947000,-87.9914900,231.0
41.71943000,-87.9916000,232.0
41.71939000,-87.9917600,232.0
41.71935000,-87.9918400,232.0
41.71930000,-87.9918800,232.0
41.71925000,-87.9919400,232.0
41.71918000,-87.9920700,232.0
41.71911000,-87.9922000,232.0
41.71907000,-87.9923300,232.0
41.71904000,-87.9924600,232.0
41.71903000,-87.9926200,233.0
41.71902000,-87.9927500,233.0
41.71900000,-87.9928500,234.0
41.71898000,-87.9929200,234.0
41.71895000,-87.9929600,234.0
41.71883000,-87.9931500,233.0
41.71882000,-87.9931800,233.0
41.71874000,-87.9933500,233.0
41.71872000,-87.9934200,233.0
41.71871000,-87.9934800,233.0
41.71872000,-87.9936300,233.0
41.71872000,-87.9937500,233.0
41.71874000,-87.9940600,234.0
41.71874000,-87.9943200,235.0
41.71875000,-87.9945300,236.0
41.71879000,-87.9947500,237.0
41.71879000,-87.9949000,237.0
41.71880000,-87.9951300,237.0
41.71881000,-87.9953100,237.0
41.71881000,-87.9954600,237.0
41.71879000,-87.9957000,236.0
41.71876000,-87.9958500,236.0
41.71871000,-87.9959800,236.0
41.71860000,-87.9961900,235.0
41.71853000,-87.9963100,235.0
41.71847000,-87.9963800,235.0
41.71840000,-87.9964500,234.0
41.71834000,-87.9965300,234.0
41.71828000,-87.9966100,234.0
41.71816000,-87.9968500,233.0
41.71812000,-87.9969400,233.0
41.71810000,-87.9970000,232.0
41.71807000,-87.9970200,232.0
41.71804000,-87.9970300,233.0
41.71799000,-87.9970300,233.0
41.71703000,-87.9970000,234.0
41.71644000,-87.9969800,231.0
41.71638000,-87.9969700,231.0
41.71633000,-87.9969600,231.0
41.71629000,-87.9969600,231.0
41.71625000,-87.9969700,231.0
41.71622000,-87.9969900,231.0
41.71619000,-87.9970300,231.0
41.71617000,-87.9970800,231.0
41.71614000,-87.9971300,231.0
41.71613000,-87.9971900,231.0
41.71612000,-87.9972800,231.0
41.71611000,-87.9973700,231.0
41.71610000,-87.9974200,231.0
41.71609000,-87.9974700,231.0
41.71607000,-87.9975000,232.0
41.71604000,-87.9975400,232.0
41.71600000,-87.9975900,232.0
41.71594000,-87.9976300,233.0
41.71590000,-87.9976600,233.0
41.71584000,-87.9976900,233.0
41.71580000,-87.9977000,233.0
41.71572000,-87.9977300,233.0
41.71564000,-87.9977700,233.0
41.71557000,-87.9978400,234.0
41.71553000,-87.9979200,234.0
41.71549000,-87.9980100,234.0
41.71545000,-87.9981400,234.0
41.71545000,-87.9982900,235.0
41.71545000,-87.9984200,235.0
41.71548000,-87.9985200,236.0
41.71552000,-87.9986400,236.0
41.71557000,-87.9987300,237.0
41.71559000,-87.9987900,237.0
41.71559000,-87.9988300,237.0
41.71558000,-87.9988900,237.0
41.71554000,-87.9989700,236.0
41.71549000,-87.9990600,236.0
41.71544000,-87.9992100,236.0
41.71541000,-87.9993400,235.0
41.71537000,-87.9994200,235.0
41.71535000,-87.9994700,235.0
41.71527000,-87.9995800,235.0
41.71524000,-87.9996200,235.0
41.71522000,-87.9996800,235.0
41.71520000,-87.9997400,235.0
41.71519000,-87.9998500,235.0
41.71519000,-87.9999500,236.0
41.71518000,-88.0000400,236.0
41.71516000,-88.0001000,235.0
41.71514000,-88.0001700,235.0
41.71512000,-88.0002300,235.0
41.71511000,-88.0003200,235.0
41.71510000,-88.0005000,235.0
41.71510000,-88.0005900,236.0
41.71512000,-88.0006600,236.0
41.71519000,-88.0008100,236.0
41.71521000,-88.0008800,237.0
41.71521000,-88.0009600,237.0
41.71519000,-88.0010900,237.0
41.71518000,-88.0011400,236.0
41.71510000,-88.0014100,234.0
41.71508000,-88.0015300,233.0
41.71506000,-88.0016400,232.0
41.71503000,-88.0017300,231.0
41.71501000,-88.0017800,231.0
41.71497000,-88.0018000,231.0
41.71493000,-88.0018200,230.0
41.71469000,-88.0018100,231.0
41.71441000,-88.0017800,231.0
41.71428000,-88.0017600,230.0
41.71416000,-88.0017500,230.0
41.71403000,-88.0017600,229.0
41.71388000,-88.0017700,228.0
41.71375000,-88.0017800,228.0
41.71367000,-88.0017800,228.0
41.71353000,-88.0017700,228.0
41.71346000,-88.0017600,229.0
41.71341000,-88.0017300,229.0
41.71339000,-88.0017100,229.0
41.71329000,-88.0017000,229.0
41.71324000,-88.0017300,229.0
41.71283000,-88.0023200,227.0
41.71254000,-88.0027700,230.0
41.71252000,-88.0027800,230.0
41.71249000,-88.0027800,231.0
41.71245000,-88.0027400,231.0
41.71241000,-88.0027300,231.0
41.71235000,-88.0026800,232.0
41.71225000,-88.0026600,233.0
41.71219000,-88.0026700,233.0
41.71209000,-88.0026800,234.0
41.71202000,-88.0027000,235.0
41.71193000,-88.0027200,236.0
41.71184000,-88.0027800,236.0
41.71171000,-88.0029000,236.0
41.71166000,-88.0029700,237.0
41.71155000,-88.0031200,237.0
41.71148000,-88.0032100,237.0
41.71141000,-88.0032500,237.0
41.71132000,-88.0032600,237.0
41.71123000,-88.0032500,238.0
41.71114000,-88.0032400,238.0
41.71099000,-88.0032000,239.0
41.71081000,-88.0031400,240.0
41.71061000,-88.0030600,241.0
41.71038000,-88.0029300,242.0
41.71022000,-88.0028700,242.0
41.71005000,-88.0028300,242.0
41.70988000,-88.0027900,243.0
41.70967000,-88.0027300,244.0
41.70956000,-88.0026800,243.0
41.70948000,-88.0025900,244.0
41.70939000,-88.0024700,244.0
41.70933000,-88.0023700,244.0
41.70924000,-88.0022700,243.0
41.70911000,-88.0021600,243.0
41.70903000,-88.0021100,242.0
41.70893000,-88.0020700,242.0
41.70877000,-88.0019900,241.0
41.70867000,-88.0019100,241.0
41.70860000,-88.0018600,241.0
41.70854000,-88.0018400,241.0
41.70843000,-88.0018300,240.0
41.70819000,-88.0018100,239.0
41.70794000,-88.0018000,239.0
41.70785000,-88.0018000,238.0
41.70779000,-88.0018100,238.0
41.70774000,-88.0018600,238.0
41.70768000,-88.0019600,239.0
41.70767000,-88.0020900,240.0
41.70769000,-88.0023200,241.0
41.70769000,-88.0030000,240.0
41.70767000,-88.0031200,239.0
41.70765000,-88.0031900,239.0
41.70761000,-88.0032300,239.0
41.70751000,-88.0033100,239.0
41.70734000,-88.0033600,239.0
41.70722000,-88.0033700,239.0
41.70718000,-88.0033700,239.0
41.70683000,-88.0033600,239.0
41.70612000,-88.0033700,240.0
41.70598000,-88.0033900,240.0
41.70591000,-88.0034100,240.0
41.70586000,-88.0034300,240.0
41.70580000,-88.0034600,240.0
41.70573000,-88.0035400,240.0
41.70567000,-88.0035900,240.0
41.70561000,-88.0036200,240.0
41.70554000,-88.0036300,240.0
41.70542000,-88.0036400,240.0
41.70533000,-88.0036500,240.0
41.70517000,-88.0036500,240.0
41.70509000,-88.0036600,240.0
41.70504000,-88.0036700,240.0
41.70498000,-88.0037000,240.0
41.70493000,-88.0037400,240.0
41.70489000,-88.0037500,240.0
41.70481000,-88.0037600,240.0
41.70471000,-88.0037500,240.0
41.70449000,-88.0036500,240.0
41.70421000,-88.0035100,238.0
41.70399000,-88.0034700,237.0
41.70384000,-88.0033500,236.0
41.70380000,-88.0031400,237.0
41.70379000,-88.0028700,239.0
41.70390000,-88.0026800,240.0
41.70397000,-88.0024400,240.0
41.70398000,-88.0023800,240.0
41.70404000,-88.0020000,240.0
41.70397000,-88.0017300,241.0
41.70388000,-88.0015400,240.0
41.70385000,-88.0013700,239.0
41.70386000,-88.0012500,239.0
41.70386000,-88.0011900,239.0
41.70385000,-88.0011400,239.0
41.70371000,-88.0010300,238.0
41.70368000,-88.0010000,237.0
41.70350000,-88.0009000,235.0
41.70340000,-88.0008700,234.0
41.70329000,-88.0008800,233.0
41.70323000,-88.0008800,233.0
41.70319000,-88.0008700,233.0
41.70315000,-88.0008500,232.0
41.70313000,-88.0007900,232.0
41.70311000,-88.0007100,232.0
41.70309000,-88.0004700,233.0
41.70306000,-88.0002900,233.0
41.70294000,-87.9996100,232.0
41.70292000,-87.9994800,232.0
41.70288000,-87.9994000,231.0
41.70284000,-87.9993600,231.0
41.70279000,-87.9993100,231.0
41.70274000,-87.9992800,231.0
41.70265000,-87.9992700,230.0
41.70244000,-87.9992600,229.0
41.70237000,-87.9992600,229.0
41.70231000,-87.9992700,229.0
41.70221000,-87.9993100,229.0
41.70212000,-87.9993500,229.0
41.70205000,-87.9993600,229.0
41.70189000,-87.9993100,229.0
41.70181000,-87.9992800,229.0
41.70172000,-87.9992600,229.0
41.70159000,-87.9992500,229.0
41.70141000,-87.9992400,229.0
41.70111000,-87.9992100,228.0
41.70110000,-87.9992100,228.0
41.70042000,-87.9991900,227.0
41.70028000,-87.9991800,227.0
41.70021000,-87.9992000,226.0
41.70013000,-87.9992900,226.0
41.70006000,-87.9993500,226.0
41.69999000,-87.9994400,225.0
41.69995000,-87.9995300,225.0
41.69988000,-87.9996200,224.0
41.69980000,-87.9996700,224.0
41.69971000,-87.9996900,224.0
41.69960000,-87.9996700,224.0
41.69952000,-87.9996300,224.0
41.69948000,-87.9995900,224.0
41.69938000,-87.9993800,224.0
41.69927000,-87.9990000,225.0
41.69913000,-87.9984700,225.0
41.69907000,-87.9981500,225.0
41.69900000,-87.9977700,225.0
41.69892000,-87.9972400,226.0
41.69883000,-87.9968200,226.0
41.69866000,-87.9960200,228.0
41.69862000,-87.9958300,228.0
41.69856000,-87.9956300,228.0
41.69850000,-87.9955100,228.0
41.69842000,-87.9953700,229.0
41.69836000,-87.9953000,229.0
41.69825000,-87.9952100,230.0
41.69811000,-87.9950900,230.0
41.69807000,-87.9950700,230.0
41.69801000,-87.9950400,230.0
41.69798000,-87.9950600,230.0
41.69702000,-87.9953700,229.0
41.69691000,-87.9953100,229.0
41.69686000,-87.9952700,228.0
41.69684000,-87.9952300,228.0
41.69681000,-87.9951600,228.0
41.69679000,-87.9950600,228.0
41.69678000,-87.9949600,228.0
41.69678000,-87.9948400,228.0
41.69680000,-87.9935800,226.0
41.69682000,-87.9922600,225.0
41.69682000,-87.9920800,225.0
41.69683000,-87.9916700,226.0
41.69685000,-87.9915700,227.0
41.69689000,-87.9914600,227.0
41.69692000,-87.9913600,226.0
41.69695000,-87.9912000,226.0
41.69694000,-87.9905000,226.0
41.69696000,-87.9898100,223.0
41.69698000,-87.9895200,224.0
41.69702000,-87.9883000,224.0
41.69700000,-87.9874600,223.0
41.69706000,-87.9870700,221.0
41.69707000,-87.9869400,220.0
41.69707000,-87.9868300,220.0
41.69704000,-87.9867600,220.0
41.69701000,-87.9867100,220.0
41.69698000,-87.9866900,220.0
41.69695000,-87.9866700,220.0
41.69667000,-87.9866400,218.0
41.69661000,-87.9866200,218.0
41.69655000,-87.9865700,218.0
41.69651000,-87.9864900,218.0
41.69648000,-87.9864000,218.0
41.69648000,-87.9863100,218.0
41.69647000,-87.9862300,218.0
41.69644000,-87.9861700,218.0
41.69639000,-87.9861200,218.0
41.69631000,-87.9860900,218.0
41.69622000,-87.9860700,218.0
41.69612000,-87.9860400,218.0
41.69602000,-87.9859600,219.0
41.69589000,-87.9858500,219.0
41.69564000,-87.9856600,217.0
41.69537000,-87.9854400,216.0
41.69533000,-87.9853800,216.0
41.69530000,-87.9853200,216.0
41.69529000,-87.9852500,216.0
41.69529000,-87.9851800,216.0
41.69531000,-87.9851100,216.0
41.69531000,-87.9850400,216.0
41.69531000,-87.9849700,216.0
41.69530000,-87.9849100,216.0
41.69528000,-87.9848600,216.0
41.69520000,-87.9848100,216.0
41.69513000,-87.9847500,216.0
41.69508000,-87.9846600,216.0
41.69502000,-87.9842800,216.0
41.69502000,-87.9842600,216.0
41.69498000,-87.9841700,215.0
41.69490000,-87.9840900,214.0
41.69476000,-87.9840600,213.0
41.69461000,-87.9840400,212.0
41.69444000,-87.9839700,210.0
41.69429000,-87.9838200,209.0
41.69419000,-87.9837000,208.0
41.69409000,-87.9835600,207.0
41.69403000,-87.9835200,206.0
41.69397000,-87.9835000,206.0
41.69381000,-87.9834800,205.0
41.69370000,-87.9834500,205.0
41.69355000,-87.9834100,205.0
41.69343000,-87.9833500,205.0
41.69316000,-87.9831200,202.0
41.69325000,-87.9827800,200.0
41.69329000,-87.9826700,200.0
41.69330000,-87.9825800,200.0
41.69330000,-87.9824900,199.0
41.69330000,-87.9823600,198.0
41.69329000,-87.9822200,197.0
41.69326000,-87.9820100,197.0
41.69324000,-87.9818700,197.0
41.69323000,-87.9817700,197.0
41.69323000,-87.9816900,197.0
41.69324000,-87.9816100,197.0
41.69331000,-87.9813000,197.0
41.69334000,-87.9810300,195.0
41.69337000,-87.9808200,194.0
41.69340000,-87.9806500,194.0
41.69347000,-87.9803800,195.0
41.69352000,-87.9802100,195.0
41.69362000,-87.9799200,193.0
41.69410000,-87.9784900,193.0
41.69441000,-87.9777100,191.0
41.69465000,-87.9772300,193.0
41.69490000,-87.9768000,194.0
41.69500000,-87.9766500,194.0
41.69518000,-87.9763900,196.0
41.69549000,-87.9755400,195.0
41.69572000,-87.9749800,197.0
41.69616000,-87.9739500,197.0
41.69638000,-87.9733900,197.0
41.69655000,-87.9728300,193.0
41.69654000,-87.9724900,191.0
41.69652000,-87.9722000,190.0
41.69656000,-87.9718900,189.0
41.69659000,-87.9717800,189.0
41.69662000,-87.9716700,189.0
41.69668000,-87.9715000,187.0
41.69704000,-87.9714000,187.0
41.69737000,-87.9712800,188.0
41.69738000,-87.9710700,189.0
41.69740000,-87.9707900,191.0
41.69743000,-87.9705400,192.0
41.69748000,-87.9702800,192.0
41.69768000,-87.9696400,193.0
41.69772000,-87.9695500,193.0
41.69804000,-87.9683800,195.0
41.69886000,-87.9653700,194.0
41.69889000,-87.9652200,193.0
41.69890000,-87.9650700,193.0
41.69889000,-87.9649200,193.0
41.69876000,-87.9642000,191.0
41.69873000,-87.9640900,191.0
41.69870000,-87.9639900,190.0
41.69865000,-87.9639000,190.0
41.69860000,-87.9638100,189.0
41.69854000,-87.9637200,189.0
41.69846000,-87.9636200,189.0
41.69843000,-87.9635500,189.0
41.69840000,-87.9633900,188.0
41.69839000,-87.9631800,187.0
41.69840000,-87.9630700,186.0
41.69841000,-87.9629700,185.0
41.69842000,-87.9629200,185.0
41.69847000,-87.9627800,185.0
41.69850000,-87.9627400,185.0
41.69853000,-87.9627100,185.0
41.69855000,-87.9626900,185.0
41.69858000,-87.9626800,185.0
41.69865000,-87.9626800,186.0
41.69874000,-87.9626900,187.0
41.69891000,-87.9627200,189.0
41.69923000,-87.9628000,192.0
41.69931000,-87.9628100,192.0
41.69939000,-87.9628000,193.0
41.69948000,-87.9627800,194.0
41.69957000,-87.9627300,195.0
41.69964000,-87.9626700,195.0
41.69973000,-87.9626000,196.0
41.69983000,-87.9625300,197.0
41.69988000,-87.9625100,197.0
41.69993000,-87.9624900,198.0
41.70012000,-87.9624300,199.0
41.70030000,-87.9624000,200.0
41.70042000,-87.9624000,200.0
41.70054000,-87.9624000,200.0
41.70071000,-87.9624200,201.0
41.70080000,-87.9624300,201.0
41.70097000,-87.9624900,202.0
41.70108000,-87.9625200,203.0
41.70114000,-87.9625500,204.0
41.70113000,-87.9626700,205.0
41.70110000,-87.9629000,206.0
41.70109000,-87.9630700,207.0
41.70108000,-87.9632100,207.0
41.70108000,-87.9633200,207.0
41.70109000,-87.9634000,207.0
41.70114000,-87.9634700,207.0
41.70133000,-87.9635000,208.0
41.70149000,-87.9634800,209.0
41.70159000,-87.9635000,210.0
41.70167000,-87.9635500,210.0
41.70183000,-87.9636600,210.0
41.70203000,-87.9637400,209.0
41.70222000,-87.9637900,209.0
41.70272000,-87.9639000,209.0
41.70286000,-87.9639300,210.0
41.70358000,-87.9640500,212.0
41.70370000,-87.9640700,211.0
41.70381000,-87.9641100,211.0
41.70394000,-87.9641700,210.0
41.70405000,-87.9642200,210.0
41.70413000,-87.9642500,210.0
41.70420000,-87.9642600,210.0
41.70430000,-87.9642700,211.0
41.70438000,-87.9642800,211.0
41.70447000,-87.9643100,211.0
41.70455000,-87.9643400,210.0
41.70460000,-87.9643500,210.0
41.70462000,-87.9643500,210.0
41.70469000,-87.9643500,209.0
41.70482000,-87.9643400,208.0
41.70488000,-87.9643300,207.0
41.70493000,-87.9643000,207.0
41.70498000,-87.9642400,206.0
41.70504000,-87.9641700,206.0
41.70509000,-87.9641300,206.0
41.70514000,-87.9641000,206.0
41.70520000,-87.9640600,206.0
41.70534000,-87.9639800,206.0
41.70542000,-87.9639300,206.0
41.70551000,-87.9638500,207.0
41.70557000,-87.9638000,207.0
41.70561000,-87.9637300,207.0
41.70564000,-87.9636800,208.0
41.70572000,-87.9636100,208.0
41.70580000,-87.9635400,208.0
41.70584000,-87.9634900,209.0
41.70588000,-87.9634400,209.0
41.70591000,-87.9633600,209.0
41.70591000,-87.9632300,208.0
41.70591000,-87.9630600,208.0
41.70592000,-87.9629100,207.0
41.70593000,-87.9627500,206.0
41.70596000,-87.9625300,205.0
41.70598000,-87.9624200,205.0
41.70600000,-87.9623500,205.0
41.70602000,-87.9622900,205.0
41.70607000,-87.9621800,205.0
41.70609000,-87.9621200,205.0
41.70614000,-87.9618700,205.0
41.70615000,-87.9617400,205.0
41.70614000,-87.9616700,205.0
41.70613000,-87.9615900,205.0
41.70610000,-87.9613600,206.0
41.70610000,-87.9612900,206.0
41.70610000,-87.9612400,206.0
41.70611000,-87.9611400,206.0
41.70612000,-87.9611000,206.0
41.70614000,-87.9610700,206.0
41.70617000,-87.9610100,206.0
41.70622000,-87.9608800,207.0
41.70624000,-87.9608200,207.0
41.70626000,-87.9607600,207.0
41.70630000,-87.9605500,208.0
41.70630000,-87.9605000,208.0
41.70630000,-87.9604500,207.0
41.70629000,-87.9603500,207.0
41.70630000,-87.9603000,207.0
41.70630000,-87.9602700,207.0
41.70640000,-87.9599600,207.0
41.70645000,-87.9597800,207.0
41.70647000,-87.9597400,207.0
41.70648000,-87.9597000,207.0
41.70652000,-87.9596500,207.0
41.70660000,-87.9595300,207.0
41.70666000,-87.9594600,207.0
41.70673000,-87.9594000,207.0
41.70689000,-87.9592000,207.0
41.70699000,-87.9589400,206.0
41.70699000,-87.9587800,206.0
41.70699000,-87.9587400,206.0
41.70701000,-87.9585700,206.0
41.70705000,-87.9585200,206.0
41.70710000,-87.9584800,206.0
41.70714000,-87.9584500,206.0
41.70719000,-87.9584100,206.0
41.70721000,-87.9583500,206.0
41.70725000,-87.9582700,207.0
41.70727000,-87.9581700,207.0
41.70731000,-87.9579200,208.0
41.70734000,-87.9577500,209.0
41.70742000,-87.9576100,209.0
41.70751000,-87.9574900,209.0
41.70758000,-87.9574300,209.0
41.70762000,-87.9573800,209.0
41.70766000,-87.9572900,209.0
41.70768000,-87.9572000,209.0
41.70769000,-87.9570600,209.0
41.70769000,-87.9569200,209.0
41.70770000,-87.9567200,209.0
41.70771000,-87.9566400,210.0
41.70772000,-87.9564900,210.0
41.70774000,-87.9564300,210.0
41.70777000,-87.9563800,210.0
41.70781000,-87.9563000,210.0
41.70784000,-87.9562700,210.0
41.70786000,-87.9562100,210.0
41.70790000,-87.9560500,210.0
41.70796000,-87.9558300,210.0
41.70801000,-87.9556800,211.0
41.70804000,-87.9556200,211.0
41.70808000,-87.9555600,211.0
41.70812000,-87.9555100,212.0
41.70816000,-87.9554700,212.0
41.70820000,-87.9554500,212.0
41.70824000,-87.9554400,212.0
41.70828000,-87.9554300,212.0
41.70834000,-87.9554300,212.0
41.70838000,-87.9554300,212.0
41.70844000,-87.9554400,212.0
41.70854000,-87.9554400,212.0
41.70875000,-87.9554400,212.0
41.70897000,-87.9554500,213.0
41.70937000,-87.9554200,213.0
41.70950000,-87.9554100,213.0
41.70959000,-87.9554100,213.0
41.70966000,-87.9554200,213.0
41.71031000,-87.9554600,211.0
41.71040000,-87.9554600,212.0
41.71048000,-87.9554600,213.0
41.71054000,-87.9554600,213.0
41.71060000,-87.9554300,214.0
41.71066000,-87.9554100,214.0
41.71070000,-87.9553700,215.0
41.71075000,-87.9553200,215.0
41.71086000,-87.9551400,216.0
41.71091000,-87.9550900,216.0
41.71096000,-87.9550600,216.0
41.71105000,-87.9550100,216.0
41.71110000,-87.9550000,216.0
41.71118000,-87.9550000,217.0
41.71125000,-87.9550000,217.0
41.71131000,-87.9550000,217.0
41.71135000,-87.9549700,217.0
41.71139000,-87.9549400,217.0
41.71142000,-87.9549000,217.0
41.71144000,-87.9548300,217.0
41.71145000,-87.9547300,217.0
41.71145000,-87.9546700,217.0
41.71143000,-87.9544400,217.0
41.71140000,-87.9539700,216.0
41.71138000,-87.9536400,215.0
41.71138000,-87.9535600,214.0
41.71139000,-87.9534900,213.0
41.71142000,-87.9534300,213.0
41.71145000,-87.9534000,213.0
41.71149000,-87.9533700,213.0
41.71154000,-87.9533500,213.0
41.71159000,-87.9533300,214.0
41.71166000,-87.9533200,214.0
41.71175000,-87.9533200,215.0
41.71185000,-87.9533100,216.0
41.71194000,-87.9533100,217.0
41.71201000,-87.9533000,217.0
41.71208000,-87.9532800,217.0
41.71213000,-87.9532400,217.0
41.71223000,-87.9531200,216.0
41.71227000,-87.9530800,216.0
41.71231000,-87.9530300,216.0
41.71236000,-87.9530100,216.0
41.71240000,-87.9530100,216.0
41.71246000,-87.9530000,216.0
41.71264000,-87.9530100,216.0
41.71285000,-87.9530100,217.0
41.71304000,-87.9530100,219.0
41.71310000,-87.9530100,220.0
41.71341000,-87.9530300,223.0
41.71361000,-87.9530300,223.0
41.71374000,-87.9530300,223.0
41.71389000,-87.9530400,222.0
41.71403000,-87.9530400,221.0
41.71431000,-87.9530400,220.0
41.71436000,-87.9530500,220.0
41.71441000,-87.9530500,220.0
41.71447000,-87.9530700,220.0
41.71452000,-87.9531000,220.0
41.71456000,-87.9531200,220.0
41.71460000,-87.9531600,220.0
41.71468000,-87.9532400,220.0
41.71477000,-87.9533300,221.0
41.71489000,-87.9533900,221.0
41.71496000,-87.9534100,221.0
41.71526000,-87.9534300,221.0
41.71554000,-87.9534500,221.0
41.71574000,-87.9534800,220.0
41.71581000,-87.9535200,219.0
41.71586000,-87.9535800,219.0
41.71589000,-87.9536700,219.0
41.71590000,-87.9537900,219.0
41.71590000,-87.9539200,219.0
41.71589000,-87.9556500,218.0
41.71588000,-87.9568900,217.0
41.71588000,-87.9570300,216.0
41.71588000,-87.9571900,215.0
41.71587000,-87.9572900,215.0
41.71586000,-87.9573700,215.0
41.71584000,-87.9574900,215.0
41.71581000,-87.9576100,214.0
41.71580000,-87.9576700,214.0
41.71580000,-87.9577300,214.0
41.71581000,-87.9577600,214.0
41.71584000,-87.9578400,215.0
41.71589000,-87.9578800,215.0
41.71602000,-87.9579300,216.0
41.71618000,-87.9579600,217.0
41.71769000,-87.9580000,220.0
41.71809000,-87.9580200,222.0
41.71874000,-87.9581300,222.0
41.71900000,-87.9581000,223.0
41.71919000,-87.9581200,223.0
41.71927000,-87.9582000,223.0
41.71932000,-87.9583600,223.0
41.71937000,-87.9585100,224.0
41.71940000,-87.9586400,224.0
41.71941000,-87.9587700,224.0
41.71939000,-87.9588600,224.0
41.71933000,-87.9590100,224.0
41.71929000,-87.9591600,224.0
41.71921000,-87.9593100,224.0
41.71911000,-87.9594700,225.0
41.71903000,-87.9596300,225.0
41.71900000,-87.9597900,224.0
41.71898000,-87.9599700,224.0
41.71901000,-87.9600500,223.0
41.71906000,-87.9600900,223.0
41.71917000,-87.9601200,224.0
41.71949000,-87.9601300,225.0
41.72039000,-87.9601600,221.0
41.72099000,-87.9602200,219.0
41.72151000,-87.9602900,218.0
41.72162000,-87.9603000,219.0
41.72169000,-87.9603000,220.0
41.72176000,-87.9603000,221.0
41.72179000,-87.9603000,221.0
41.72181000,-87.9603200,221.0
41.72183000,-87.9603500,222.0
41.72184000,-87.9604000,222.0
41.72188000,-87.9605400,222.0
41.72191000,-87.9607200,222.0
41.72190000,-87.9609000,221.0
41.72190000,-87.9610600,221.0
41.72190000,-87.9612400,221.0
41.72190000,-87.9613700,220.0
41.72192000,-87.9614300,220.0
41.72195000,-87.9615200,221.0
41.72196000,-87.9616400,221.0
41.72194000,-87.9617700,220.0
41.72191000,-87.9618700,219.0
41.72185000,-87.9619900,219.0
41.72178000,-87.9621900,218.0
41.72173000,-87.9622600,218.0
41.72166000,-87.9622700,218.0
41.72156000,-87.9622500,219.0
41.72143000,-87.9622500,220.0
41.72129000,-87.9622600,220.0
41.72122000,-87.9623000,220.0
41.72114000,-87.9623900,219.0
41.72108000,-87.9625100,219.0
41.72102000,-87.9626600,219.0
41.72098000,-87.9627800,219.0
41.72096000,-87.9628800,219.0
41.72094000,-87.9629800,219.0
41.72094000,-87.9643000,216.0
41.72096000,-87.9646600,215.0
41.72097000,-87.9651500,216.0
41.72099000,-87.9653800,217.0
41.72102000,-87.9654500,217.0
41.72109000,-87.9654900,216.0
41.72117000,-87.9655000,216.0
41.72163000,-87.9655200,215.0
41.72174000,-87.9655500,214.0
41.72178000,-87.9656000,214.0
41.72181000,-87.9656900,213.0
41.72182000,-87.9658000,213.0
41.72181000,-87.9660200,213.0
41.72178000,-87.9663600,214.0
41.72179000,-87.9665400,216.0
41.72197000,-87.9668100,219.0
41.72215000,-87.9670300,220.0
41.72235000,-87.9672800,219.0
41.72244000,-87.9673600,219.0
41.72258000,-87.9674200,218.0
41.72272000,-87.9674700,218.0
41.72281000,-87.9674700,218.0
41.72301000,-87.9674900,218.0
41.72329000,-87.9675100,219.0
41.72343000,-87.9675200,220.0
41.72349000,-87.9675200,220.0
41.72385000,-87.9675600,220.0
41.72420000,-87.9676600,219.0
41.72456000,-87.9677200,218.0
41.72461000,-87.9677400,218.0
41.72482000,-87.9678100,217.0
41.72501000,-87.9678500,216.0
41.72522000,-87.9679000,215.0
41.72538000,-87.9679100,214.0
41.72551000,-87.9679200,214.0
41.72555000,-87.9679300,214.0
41.72558000,-87.9679600,214.0
41.72559000,-87.9679900,214.0
41.72560000,-87.9680400,214.0
41.72558000,-87.9681100,215.0
41.72554000,-87.9681500,215.0
41.72542000,-87.9682400,215.0
41.72518000,-87.9683600,214.0
41.72509000,-87.9684500,214.0
41.72505000,-87.9686100,214.0
41.72494000,-87.9690600,213.0
41.72493000,-87.9691900,213.0
41.72491000,-87.9694600,213.0
41.72486000,-87.9696700,212.0
41.72482000,-87.9698100,212.0
41.72476000,-87.9699700,212.0
41.72465000,-87.9701200,211.0
41.72446000,-87.9703100,210.0
41.72444000,-87.9703300,210.0
41.72442000,-87.9703300,210.0
41.72438000,-87.9703400,210.0
41.72431000,-87.9703300,211.0
41.72426000,-87.9703300,211.0
41.72417000,-87.9703300,211.0
41.72410000,-87.9703400,211.0
41.72404000,-87.9703600,210.0
41.72397000,-87.9703900,210.0
41.72383000,-87.9704700,208.0
41.72381000,-87.9704800,208.0
41.72367000,-87.9705500,208.0
41.72359000,-87.9706000,207.0
41.72355000,-87.9706200,207.0
41.72351000,-87.9706600,207.0
41.72348000,-87.9707000,206.0
41.72346000,-87.9707300,206.0
41.72346000,-87.9707700,206.0
41.72349000,-87.9708000,205.0
41.72372000,-87.9709100,205.0
41.72383000,-87.9709600,205.0
41.72379000,-87.9710700,205.0
41.72375000,-87.9711700,206.0
41.72375000,-87.9712100,206.0
41.72375000,-87.9712500,207.0
41.72376000,-87.9713100,207.0
41.72381000,-87.9714700,208.0
41.72382000,-87.9715300,209.0
41.72381000,-87.9716100,209.0
41.72381000,-87.9717100,210.0
41.72382000,-87.9718100,210.0
41.72383000,-87.9719100,211.0
41.72388000,-87.9722400,213.0
41.72393000,-87.9725200,214.0
41.72401000,-87.9728200,213.0
41.72404000,-87.9729600,212.0
41.72406000,-87.9730500,212.0
41.72408000,-87.9731200,212.0
41.72407000,-87.9731900,211.0
41.72398000,-87.9735000,209.0
41.72396000,-87.9736500,208.0
41.72397000,-87.9737100,208.0
41.72398000,-87.9737700,207.0
41.72401000,-87.9738200,207.0
41.72405000,-87.9738600,207.0
41.72411000,-87.9739000,208.0
41.72421000,-87.9739900,209.0
41.72429000,-87.9740700,209.0
41.72434000,-87.9741200,210.0
41.72439000,-87.9741800,210.0
41.72443000,-87.9742300,210.0
41.72446000,-87.9742600,211.0
41.72450000,-87.9742900,211.0
41.72455000,-87.9743100,211.0
41.72457000,-87.9742400,211.0
41.72459000,-87.9741800,211.0
41.72465000,-87.9740900,211.0
41.72481000,-87.9739300,212.0
41.72483000,-87.9738800,211.0
41.72484000,-87.9738200,211.0
41.72485000,-87.9737500,211.0
41.72486000,-87.9736900,211.0
41.72488000,-87.9736400,211.0
41.72491000,-87.9736300,211.0
41.72508000,-87.9736800,211.0
